"id","title","slug","content","excerpt","tags","image_url","image_alt","meta_title","meta_description","keywords","status","author_id","published_at","scheduled_at","created_at","updated_at"
1,"How Blockchain Can Transform Healthcare in California","how-blockchain-can-transform-healthcare-in-california-1","<h1>How Blockchain Can Transform Healthcare in California</h1>
<p>In recent years, the buzz around blockchain technology has grown significantly. But <strong>how blockchain can transform healthcare in California</strong> is a topic that deserves special attention. In this article, we’ll explore the potential and impact of blockchain on the healthcare system in California, and why this innovation matters for the future of healthcare.</p>

<h2>Why Blockchain Matters for American Healthcare</h2>
<p>Blockchain technology offers a secure and transparent way to handle data. In the context of healthcare, it means improved patient data management, reduced fraud, and enhanced privacy. This is <strong>why blockchain matters for American healthcare</strong>.</p>

<h3>How Blockchain Improves Patient Care in California</h3>
<p>One of the most exciting aspects of blockchain is its ability to improve patient care. By providing a secure and immutable ledger for medical records, healthcare providers can access accurate patient histories quickly and efficiently. This leads to better diagnosis and treatment plans, ultimately enhancing patient outcomes.</p>

<h2>Top Blockchain Companies in California</h2>
<p>California is home to several pioneering companies that are leading the charge in blockchain healthcare innovations. Notable names include:</p>
<ul>
  <li>Chronicled</li>
  <li>Embleema</li>
  <li>Blockpharma</li>
</ul>
<p>These companies are pushing the boundaries of what's possible, helping to transform healthcare with blockchain technology.</p>

<h2>Blockchain Implementation Guide for Healthcare</h2>
<p>Implementing blockchain in healthcare requires a strategic approach. Here's a brief guide on <strong>how to implement blockchain in California hospitals</strong>:</p>
<ol>
  <li><strong>Assess Needs:</strong> Identify specific areas where blockchain can provide solutions.</li>
  <li><strong>Choose a Platform:</strong> Select a reliable blockchain platform that meets your needs.</li>
  <li><strong>Develop Smart Contracts:</strong> Create contracts that facilitate automated and secure transactions.</li>
  <li><strong>Train Staff:</strong> Ensure that all stakeholders are well-versed in blockchain technology.</li>
  <li><strong>Monitor and Evaluate:</strong> Continuously assess the system for improvements.</li>
</ol>

<h3>California Blockchain Healthcare Case Studies</h3>
<p>Several case studies in California highlight the successful integration of blockchain in healthcare. These cases demonstrate how blockchain technology is effectively reducing healthcare costs and improving efficiency. By examining these examples, other healthcare providers can learn valuable lessons in blockchain adoption.</p>

<h2>Comparing Blockchain Healthcare Systems: USA vs. Canada</h2>
<p>While both the USA and Canada are exploring blockchain in healthcare, there are notable differences. <strong>Comparing blockchain healthcare systems USA vs Canada</strong> reveals that while the USA leads in technological innovation, Canada benefits from a more centralized healthcare system, which could facilitate smoother integration of blockchain solutions.</p>

<h2>Concluding Thoughts on Blockchain Transforming Healthcare</h2>
<p>In conclusion, <strong>how blockchain can transform healthcare in California</strong> is evident through its ability to enhance data security, reduce costs, and improve patient care. As more healthcare providers embrace this technology, we can expect to see significant advancements in the healthcare industry.</p>
<p>Interested in learning more about how blockchain can transform your healthcare organization? <strong>Contact us today</strong> to explore the possibilities.</p>

<h2>FAQs</h2>
<h3>What are the advantages of blockchain in Canadian healthcare?</h3>
<p>Blockchain provides transparency, enhanced data security, and streamlined processes, making it highly beneficial for Canadian healthcare systems.</p>

<h3>How is blockchain reducing healthcare costs in California?</h3>
<p>By streamlining processes and reducing administrative overhead, blockchain technology helps lower overall healthcare expenses in California.</p>

<h3>What are some blockchain healthcare innovations in the USA?</h3>
<p>Innovations include decentralized patient records, secure data sharing, and smart contracts for insurance claims processing.</p>","Explore how blockchain can transform healthcare in California, improving patient care, reducing costs, and enhancing data security. Discover top companies and implementation strategies.","{Blockchain,Healthcare,California,Web3}","/static/images/blog-1753339429539-9185beecff89b7ed.png","How Blockchain Can Transform Healthcare in California - how blockchain can transform healthcare in California illustration","How Blockchain Can Transform Healthcare in California","Explore how blockchain can transform healthcare in California, improving patient care and reducing costs. Learn about top companies and innovations.","how blockchain can transform healthcare in California,why blockchain matters for American healthcare,top blockchain companies in California,how blockchain improves patient care in California,blockchain healthcare innovations USA,blockchain implementation guide for healthcare,advantages of blockchain in Canadian healthcare,transforming healthcare with blockchain technology,how to implement blockchain in California hospitals,California blockchain healthcare case studies,compare blockchain healthcare systems USA vs Canada,blockchain reducing healthcare costs California","published",2,"2025-07-24 07:23:17.447",NULL,"2025-07-24 06:44:08.719509","2025-07-24 07:23:17.447"
4,"Mobile Apps for California’s Healthcare Patient Engagement","mobile-apps-for-californias-healthcare-patient-engagement-1","<h1>Mobile Apps for California’s Healthcare Patient Engagement</h1>
<p>In today's fast-paced world, the <strong>best mobile apps for patient engagement</strong> are transforming how healthcare is delivered across California and beyond. With the advent of technology, patient engagement has become more accessible and efficient, offering numerous benefits for both healthcare providers and patients.</p>

<h2>The Benefits of Mobile Apps in Healthcare</h2>
<p>Mobile apps in healthcare offer numerous advantages. They provide real-time access to health information, facilitate communication between patients and providers, and empower patients to take charge of their health.</p>
<ul>
  <li>Improved communication</li>
  <li>Enhanced patient monitoring</li>
  <li>Access to personalized health data</li>
  <li>Increased appointment adherence</li>
</ul>

<h2>How Mobile Apps Improve Patient Engagement</h2>
<p>Mobile apps are a game-changer in patient engagement. They offer features like appointment scheduling, medication reminders, and access to personal health records. This accessibility encourages active participation in healthcare, resulting in better outcomes.</p>

<h3>California Healthcare App Solutions</h3>
<p>California is home to some of the top healthcare mobile apps in the USA. These apps are designed to cater to the diverse needs of its population, ensuring that patient engagement is at the forefront.</p>

<h3>Review of Patient Engagement Apps</h3>
<p>When it comes to patient engagement apps in California, there are several noteworthy options. These apps are designed to enhance the patient experience by providing easy access to healthcare services and information.</p>

<h2>Top Healthcare Mobile Apps USA</h2>
<p>The USA leads in healthcare mobile app development, with California being a hub for innovation. These apps are setting trends in American healthcare, offering solutions that improve patient care and engagement.</p>

<h3>How to Choose Healthcare Apps in USA</h3>
<p>Choosing the right healthcare app can be daunting. Consider factors such as user-friendliness, data security, and features that align with your healthcare needs. Compare healthcare apps in the USA to find the best fit.</p>

<h2>Impact of Mobile Apps on Patient Engagement</h2>
<p>The impact of mobile apps on patient engagement is profound. These apps provide patients with the tools to manage their health proactively, leading to more informed decisions and better health outcomes.</p>

<h2>FAQ</h2>
<h3>What are the advantages of mobile apps in patient care?</h3>
<p>Mobile apps offer convenience, real-time data access, improved communication, and personalized health management, enhancing overall patient care.</p>

<h3>How do mobile apps improve patient engagement?</h3>
<p>They provide easy access to health information, encourage communication with providers, and offer tools for self-management, thus boosting engagement.</p>

<h3>What are some top healthcare mobile apps in the USA?</h3>
<p>Some top apps include MyChart, Medisafe, and Healow, known for their innovative features and focus on patient engagement.</p>

<p>In conclusion, the <strong>best mobile apps for patient engagement</strong> are revolutionizing healthcare in California and beyond. By enhancing communication and providing personalized care, these apps are paving the way for a more engaged patient population. Embrace this technology to take control of your health journey today!</p>

<p><strong>Call to Action:</strong> Ready to improve your healthcare experience? Explore the latest patient engagement apps and find the right one for you.</p>","Explore the best mobile apps for patient engagement in California. Discover how these apps enhance communication, improve outcomes, and empower patients.","{""Healthcare Apps"",""Patient Engagement"",""Mobile Technology"",""Mobile Development""}","/static/images/blog-1753362038867-fc6bee240a50e0f8.png","Mobile Apps for California’s Healthcare Patient Engagement - best mobile apps for patient engagement illustration","Best Mobile Apps for Patient Engagement in California","Discover the best mobile apps for patient engagement in California's healthcare. Enhance communication and improve outcomes with top healthcare apps.","best mobile apps for patient engagement, benefits of mobile apps in healthcare, how mobile apps improve patient engagement, California healthcare app solutions, patient engagement apps California, healthcare mobile apps USA, top healthcare mobile apps USA, healthcare mobile app development USA, review of patient engagement apps, compare healthcare apps USA, healthcare mobile technology advancements, Canadian healthcare app insights, American healthcare app trends, advantages of mobile apps in patient care, top healthcare apps for patient engagement, how to choose healthcare apps in USA, impact of mobile apps on patient engagement","published",3,"2025-07-24 13:10:17.558",NULL,"2025-07-24 13:00:56.666322","2025-07-24 13:10:17.558"
3,"How Generative AI Can Transform Retail in California","how-generative-ai-can-transform-retail-in-california-1","<h1>How Generative AI Can Transform Retail in California</h1>
<p>Generative AI is revolutionizing various sectors, and the benefits of generative AI for California retailers are particularly noteworthy. As the retail landscape continues to evolve, businesses in California are turning to AI to enhance customer experiences, optimize operations, and drive growth.</p>

<h2>Understanding Generative AI in Retail</h2>
<p>Before diving into the benefits, it’s essential to grasp what generative AI entails. It’s a subset of artificial intelligence that focuses on creating content, whether text, images, or music, using algorithms and machine learning. This cutting-edge technology offers numerous advantages for the retail sector, especially in a dynamic market like California.</p>

<h3>Generative AI Implementation in California Retail</h3>
<p>Implementing generative AI in California retail involves integrating AI tools that can predict consumer behavior, personalize shopping experiences, and streamline supply chains. Top generative AI companies in California are paving the way for these transformations, offering solutions that cater to the specific needs of the retail industry.</p>

<h2>Why Generative AI Matters for Californian Businesses</h2>
<p>Retailers in California face unique challenges such as high competition, evolving consumer preferences, and logistical hurdles. Here’s why generative AI matters for Californian businesses:</p>
<ul>
  <li>Enhanced customer experience through personalized recommendations.</li>
  <li>Improved inventory management and reduced wastage.</li>
  <li>Increased efficiency in marketing strategies.</li>
</ul>

<h3>How Generative AI Enhances Customer Experience in California</h3>
<p>One of the primary benefits of generative AI for California retailers is its ability to enhance customer experience. By analyzing vast amounts of data, AI can offer personalized shopping experiences, making product recommendations based on individual preferences. This personalization not only boosts sales but also fosters customer loyalty.</p>

<h2>AI Solutions for California Retail Challenges</h2>
<p>California retailers encounter several challenges, from managing supply chains to ensuring customer satisfaction. AI solutions can address these issues effectively:</p>
<ol>
  <li>Predictive analytics for stock management.</li>
  <li>Automated customer service through chatbots.</li>
  <li>Enhanced security measures with AI-driven surveillance.</li>
</ol>

<h3>Commercial AI Applications in California Retail</h3>
<p>Commercial AI applications are becoming more prevalent in California’s retail sector. From virtual fitting rooms to AI-powered checkout systems, these applications are designed to improve the shopping experience and streamline operations.</p>

<h2>Future of Retail with Generative AI in the USA</h2>
<p>The future of retail with generative AI in the USA, and particularly in California, looks promising. As more businesses adopt AI, we can expect:</p>
<ul>
  <li>More personalized customer interactions.</li>
  <li>Greater operational efficiency.</li>
  <li>Innovative marketing strategies.</li>
</ul>

<h3>Comparing AI Retail Solutions in California</h3>
<p>When comparing AI retail solutions in California, it’s crucial to consider factors like scalability, ease of integration, and cost-effectiveness. Retailers should opt for solutions that align with their specific business needs and customer expectations.</p>

<h2>Conclusion: Embracing Generative AI for Retail Success</h2>
<p>In conclusion, the benefits of generative AI for California retailers are immense. By embracing this technology, businesses can not only overcome current challenges but also position themselves for future success. Whether it’s enhancing customer experiences or optimizing operations, generative AI is a game-changer for the retail industry.</p>
<p>If you're a retailer in California looking to transform your business, consider exploring AI solutions today. Embrace the future of retail with generative AI and stay ahead of the curve!</p>

<h2>FAQs</h2>
<h3>What are the top generative AI companies in California retail?</h3>
<p>Several companies are leading in AI solutions for retail, offering tools for personalization, inventory management, and customer engagement.</p>

<h3>How can AI optimize retail operations in California?</h3>
<p>AI can optimize operations by automating routine tasks, predicting inventory needs, and providing insights into consumer behavior.</p>

<h3>What is the impact of generative AI on California shopping?</h3>
<p>Generative AI impacts California shopping by enhancing customer experiences, offering personalized recommendations, and streamlining the shopping process.</p>","Explore the transformative benefits of generative AI for California retailers, from enhancing customer experiences to optimizing operations and driving growth.","{""AI and Machine Learning""}","/static/images/blog-1753361862289-7297fc5c62bd715a.png","How Generative AI Can Transform Retail in California - benefits of generative AI for California retailers illustration","Benefits of Generative AI for California Retailers","Discover the benefits of generative AI for California retailers. Learn how AI enhances customer experience, optimizes operations, and drives retail growth.","benefits of generative AI for California retailers,generative AI implementation in California retail,top generative AI companies in California,California retail AI transformation,why generative AI matters for Californian businesses,how generative AI enhances customer experience in California,best AI tools for retail in California,commercial AI applications in California retail,AI for retail business growth in California,generative AI impact on California shopping,how AI can optimize retail operations in California,AI solutions for California retail challenges,future of retail with generative AI in USA,generative AI for retail supply chain USA,compare AI retail solutions in California","published",4,"2025-07-24 13:11:07.797",NULL,"2025-07-24 12:57:54.518764","2025-07-24 13:11:07.797"
8,"New Insights: Web 3.0 and the Rise of Decentralized Finance","new-insights-web-30-and-the-rise-of-decentralized-finance","<h1>New Insights: Web 3.0 and the Rise of Decentralized Finance</h1>
<p>The world is buzzing with the potential of <strong>Web 3.0 and finance integration</strong>, a revolutionary shift that promises to reshape how we interact with financial systems. As we delve into this exciting frontier, we explore how Web 3.0 development companies in the USA and beyond are paving the way for a decentralized future.</p>

<h2>Understanding Web 3.0</h2>
<p>To comprehend the impact of <strong>Web 3.0 and finance integration</strong>, it's crucial to first understand what Web 3.0 entails. Web 3.0 represents the third generation of internet services, emphasizing decentralized networks, blockchain technology, and user-focused data control. Unlike its predecessors, Web 3.0 aims to empower users by eliminating centralized control and providing greater data security.</p>

<h2>The Role of Decentralized Finance (DeFi)</h2>
<p>Decentralized Finance, or DeFi, is an integral part of Web 3.0. DeFi leverages blockchain technology to offer financial services without traditional intermediaries like banks or brokers. This innovative approach is particularly appealing in countries like Canada, where the <strong>advantages of decentralized finance</strong> are gaining traction among investors and consumers alike.</p>

<h3>Advantages of Decentralized Finance</h3>
<ul>
<li><strong>Accessibility:</strong> DeFi opens up financial services to anyone with an internet connection, reducing barriers for unbanked populations.</li>
<li><strong>Transparency:</strong> Transactions on blockchain are transparent and immutable, reducing fraud and enhancing trust.</li>
<li><strong>Cost Efficiency:</strong> By eliminating intermediaries, DeFi reduces transaction fees significantly.</li>
</ul>

<h2>Web 3.0 Development Companies in the USA</h2>
<p>The USA is a hotbed for <strong>Web 3.0 development companies</strong> that are leading the charge in this digital revolution. These companies are not just building platforms but are also creating ecosystems that support the integration of Web 3.0 with traditional finance systems. They are pioneering innovations in smart contracts, decentralized applications (dApps), and more.</p>

<h3>Impact on Traditional Finance</h3>
<p>The integration of Web 3.0 with finance is already disrupting traditional financial models. Banks and financial institutions are forced to rethink their strategies to stay relevant in an increasingly decentralized world. The collaboration between Web 3.0 technology and traditional finance could lead to enhanced financial products and services.</p>

<h2>Challenges and Future Prospects</h2>
<p>While the potential of <strong>Web 3.0 and finance integration</strong> is immense, it is not without challenges. Regulatory concerns, technological hurdles, and market volatility are significant obstacles. However, with ongoing innovation and adaptation, the future of Web 3.0 and DeFi looks promising, offering a more inclusive and equitable financial ecosystem.</p>

<h3>Conclusion</h3>
<p>As we witness the rise of Web 3.0 and decentralized finance, it's clear that the integration of these technologies will transform global financial landscapes. For those interested in the future of finance, staying informed about developments from leading Web 3.0 development companies in the USA is crucial. Embrace the change and explore the opportunities that decentralized finance offers.</p>

<h2>FAQs</h2>
<h3>What are the advantages of decentralized finance in Canada?</h3>
<p>In Canada, DeFi offers increased accessibility to financial services, transparency in transactions, and reduced costs by eliminating traditional intermediaries.</p>

<h3>How are Web 3.0 development companies in the USA contributing to finance integration?</h3>
<p>These companies are pioneering technologies like blockchain and smart contracts, facilitating the integration of decentralized systems with conventional financial models.</p>

<p><strong>Call to Action:</strong> Stay ahead in the digital finance world by exploring opportunities in Web 3.0 and decentralized finance. Subscribe to our newsletter for the latest updates.</p>","Explore how Web 3.0 and finance integration are reshaping financial systems, with insights from leading development companies in the USA and the advantages of decentralized finance in Canada.","{""Web 3.0"",""Decentralized Finance"",""Finance Integration"",Web3}","https://greenapplex-com.s3.ap-south-1.amazonaws.com/blog-images/blog-1753426501951-05186e48e2c62486.png","New Insights: Web 3.0 and the Rise of Decentralized Finance - Web 3.0 and finance integration illustration","Web 3.0 and Finance Integration: New Insights","Discover the impact of Web 3.0 and finance integration. Learn how USA companies lead this shift and the benefits of decentralized finance in Canada.","Web 3.0 and finance integration,Web 3.0 development companies USA,advantages of decentralized finance in Canada","published",3,"2025-07-25 06:55:24.936",NULL,"2025-07-25 06:55:25.039794","2025-07-25 06:55:24.936"
9,"AI-Driven Marketing for Chicago’s Retail Sector","ai-driven-marketing-for-chicagos-retail-sector","<h1>AI-Driven Marketing for Chicago’s Retail Sector</h1>
<p>In today’s competitive landscape, the best AI marketing tools for Chicago retailers are revolutionizing how business is conducted. From personalized shopping experiences to data-driven decisions, AI technology in Chicago retail is making waves. This guide explores the impact and implementation of AI marketing trends in Chicago, offering insights into why AI is important for Chicago retailers.</p>

<h2>Understanding AI Technology in Chicago Retail</h2>
<p>AI-driven marketing solutions USA have shown significant potential in transforming retail operations. Chicago retailers are leveraging AI to streamline processes, enhance customer engagement, and boost sales. But how does this technology work?</p>

<h3>How AI Marketing Works in Chicago</h3>
<p>AI marketing works by analyzing vast amounts of data to predict consumer behavior. Chicago AI marketing companies utilize machine learning algorithms to identify patterns and trends, enabling retailers to tailor their marketing strategies effectively.</p>

<h2>AI Marketing Trends in Chicago</h2>
<p>AI marketing trends in Chicago are evolving rapidly. Retailers are adopting AI-driven marketing solutions to stay ahead of competitors. Some emerging trends include:</p>
<ul>
<li>Personalization: Tailoring experiences to individual customer preferences.</li>
<li>Predictive Analytics: Using data to forecast shopping behaviors.</li>
<li>Chatbots: Implementing AI-driven customer service solutions.</li>
</ul>

<h2>Implementing AI Marketing in Chicago</h2>
<p>For those wondering about the AI marketing implementation guide Chicago retailers should follow, here are some key steps:</p>
<ol>
<li>Identify Objectives: Determine what you want to achieve with AI.</li>
<li>Choose the Right Tools: Research and select the best AI marketing tools for Chicago retailers.</li>
<li>Train Staff: Ensure your team is equipped to use AI effectively.</li>
<li>Monitor and Adjust: Continuously assess the performance of AI initiatives.</li>
</ol>

<h2>Case Studies: AI and Retail Sector Growth in Chicago</h2>
<p>Several Chicago retailers have successfully implemented AI strategies, resulting in substantial growth. Chicago retail AI case studies showcase how businesses have harnessed AI to improve operational efficiency and customer satisfaction.</p>

<h3>Advantages of AI in Chicago Retail</h3>
<p>The advantages of AI in Chicago retail are manifold. Not only does AI provide insights into consumer behavior, but it also enables retailers to:</p>
<ul>
<li>Optimize Inventory: Reduce waste by predicting product demand.</li>
<li>Enhance Customer Experience: Offer personalized recommendations and support.</li>
<li>Increase Sales: Target marketing efforts more precisely.</li>
</ul>

<h2>Why AI is Important for Chicago Retailers</h2>
<p>Understanding why AI is important for Chicago retailers is crucial for future-proofing your business. AI-driven retail marketing benefits include streamlined operations, increased efficiency, and a competitive edge in the market.</p>

<h2>Conclusion: Embracing AI-Driven Marketing Solutions</h2>
<p>In conclusion, the best AI marketing tools for Chicago retailers are essential for navigating today’s digital landscape. By implementing AI marketing strategies, Chicago businesses can achieve greater success. For a deeper dive into AI implementation, consider consulting a Chicago AI marketing guide. Embrace AI today and watch your business thrive!</p>

<h2>FAQs</h2>
<h3>What are the best AI marketing tools for Chicago retailers?</h3>
<p>Some of the best AI marketing tools USA retailers use include platforms like IBM Watson, Salesforce Einstein, and Google AI. These tools help automate marketing processes and provide valuable insights.</p>

<h3>How can AI marketing impact Chicago businesses?</h3>
<p>AI marketing impact on Chicago businesses includes improved customer engagement, higher conversion rates, and enhanced decision-making capabilities. By leveraging data, businesses can create more effective marketing strategies.</p>

<h3>What AI-driven retail solutions are available in Canada?</h3>
<p>AI-driven retail solutions Canada offers include advanced analytics platforms, AI-powered chatbots, and supply chain optimization tools. These solutions help retailers enhance efficiency and customer satisfaction.</p>","Discover how the best AI marketing tools for Chicago retailers are transforming the retail sector. Learn about AI trends, implementation strategies, and case studies.","{""AI Marketing"",""Chicago Retail"",""Retail Technology"",""AI and Machine Learning""}","https://greenapplex-com.s3.ap-south-1.amazonaws.com/blog-images/blog-1753426976613-ebaf83ebb4c9886b.png","AI-Driven Marketing for Chicago’s Retail Sector - best AI marketing tools for Chicago retailers illustration","Best AI Marketing Tools for Chicago Retailers","Explore the best AI marketing tools for Chicago retailers. Learn about trends, implementation, and the impact of AI in Chicago's retail sector.","best AI marketing tools for Chicago retailers,AI technology in Chicago retail,AI marketing trends in Chicago,AI marketing implementation guide Chicago,AI-driven retail solutions Canada,AI marketing impact on Chicago businesses,AI retail marketing strategies Canada,AI trends in American retail,Chicago AI marketing companies,how AI marketing works in Chicago,why AI is important for Chicago retailers,Chicago retail AI case studies,best AI marketing tools USA,AI-driven marketing solutions USA,implementing AI marketing in Chicago,Chicago AI marketing guide,AI and retail sector growth Chicago,AI-driven retail marketing benefits,advantages of AI in Chicago retail","published",5,"2025-07-25 07:03:32.032",NULL,"2025-07-25 07:03:32.133524","2025-07-25 07:03:32.032"
10,"New Insights: Decentralized Finance and Blockchain's Impact in 2025","new-insights-decentralized-finance-and-blockchains-impact-in-2025","<h1>New Insights: Decentralized Finance and Blockchain's Impact in 2025</h1>
<p>The <strong>blockchain impact USA</strong> is set to revolutionize the financial landscape by 2025, ushering in an era of decentralized finance that promises transparency, efficiency, and inclusivity. As we explore the future of decentralized finance in the USA, it’s crucial to understand how these technologies will reshape banking, investments, and more.</p>

<h2>Why Decentralized Finance Matters in 2025</h2>
<p>Understanding <strong>why decentralized finance matters in 2025</strong> involves recognizing its potential to disrupt traditional financial systems. Decentralized finance, or DeFi, offers several advantages:</p>
<ul>
<li>Increased financial access for unbanked populations.</li>
<li>Lower transaction costs compared to traditional banking.</li>
<li>Enhanced security and transparency through blockchain technology.</li>
</ul>
<p>These benefits demonstrate <strong>how decentralized finance changes banking</strong> by providing more control and reduced reliance on centralized institutions.</p>

<h2>Top Blockchain Companies in 2025</h2>
<p>By 2025, <strong>top blockchain companies Canada</strong> and the USA will likely lead the charge in blockchain innovation. These companies are at the forefront of creating <strong>decentralized finance and blockchain solutions</strong> that cater to various industries, from banking to supply chain management.</p>

<h3>Best Decentralized Finance Platforms USA</h3>
<p>The growth of <strong>best decentralized finance platforms USA</strong> is a testament to the increasing demand for secure, decentralized solutions. These platforms provide users with numerous opportunities for lending, borrowing, and trading without intermediaries.</p>

<h2>Advantages of Decentralized Finance</h2>
<p>The <strong>advantages of decentralized finance</strong> extend beyond personal finance. They include:</p>
<ol>
<li>Improved access to financial services for businesses and individuals.</li>
<li>Increased efficiency in processing transactions.</li>
<li>Greater transparency and reduced fraud risk.</li>
</ol>
<p>Such benefits are paving the way for the <strong>future of decentralized finance in USA</strong> and beyond.</p>

<h2>Commercial Applications of Blockchain in 2025</h2>
<p>The <strong>commercial applications of blockchain 2025</strong> are varied and impactful. From supply chain management to digital identity verification, blockchain's versatility is unmatched. The <strong>impact of blockchain on finance</strong> is particularly noteworthy, as it offers secure and transparent methods for executing transactions and contracts.</p>

<h3>Blockchain Implementation Guide USA</h3>
<p>For businesses looking to adopt blockchain technology, a <strong>blockchain implementation guide USA</strong> is essential. It provides step-by-step instructions on integrating blockchain into existing systems, ensuring a smooth transition and maximizing benefits.</p>

<h2>Decentralized Finance for Canadian Businesses</h2>
<p>In Canada, <strong>decentralized finance for Canadian businesses</strong> is becoming increasingly relevant. Companies are leveraging DeFi to enhance operational efficiency, reduce costs, and expand their market reach.</p>

<h2>Decentralized Finance vs Traditional Finance</h2>
<p>The debate between <strong>decentralized finance vs traditional finance</strong> centers on the balance between innovation and regulation. While DeFi offers flexibility and efficiency, traditional finance provides stability and oversight. As we move towards 2025, finding a balance between the two will be crucial for sustainable financial ecosystems.</p>

<h2>Conclusion: Embrace the Future of Finance</h2>
<p>As we look ahead to 2025, the <strong>blockchain impact USA</strong> and the rise of decentralized finance cannot be overstated. These technologies are transforming the financial sector, offering unprecedented opportunities and challenges. To stay ahead, businesses and individuals must embrace these changes and explore the potential of blockchain and DeFi. <strong>New insights into blockchain technology</strong> are emerging daily, and staying informed is key. Start your journey today and discover how these innovations can benefit you.</p>

<h2>FAQs</h2>
<h3>What are the best decentralized finance platforms in the USA?</h3>
<p>The best decentralized finance platforms in the USA include platforms like Compound, Aave, and Uniswap, known for their user-friendly interfaces and diverse financial services.</p>

<h3>How does decentralized finance change banking?</h3>
<p>Decentralized finance changes banking by reducing reliance on intermediaries, lowering transaction costs, and increasing financial inclusivity.</p>

<h3>Why should Canadian businesses consider decentralized finance?</h3>
<p>Canadian businesses should consider decentralized finance for its potential to enhance operational efficiency, reduce costs, and offer new growth opportunities.</p>","Explore the transformative blockchain impact USA in 2025. Discover how decentralized finance will reshape banking, investments, and more with new insights.","{blockchain,""decentralized finance"",""2025 trends"",""Digital Transformation""}","https://greenapplex-com.s3.ap-south-1.amazonaws.com/blog-images/blog-1753444253845-0afbb0b086f49b69.png","New Insights: Decentralized Finance and Blockchain's Impact in 2025 - blockchain impact USA illustration","Blockchain Impact USA: DeFi & Blockchain in 2025","Discover the blockchain impact USA in 2025. Learn how decentralized finance will transform banking and investments with new insights into blockchain technology.","blockchain impact USA,best decentralized finance platforms USA,why decentralized finance matters in 2025,top blockchain companies Canada,advantages of decentralized finance,blockchain implementation guide USA,decentralized finance and blockchain solutions,future of decentralized finance in USA,impact of blockchain on finance,how decentralized finance changes banking,commercial applications of blockchain 2025,decentralized finance for Canadian businesses,new insights into blockchain technology,decentralized finance vs traditional finance","published",2,"2025-07-25 11:51:12.144",NULL,"2025-07-25 11:51:12.245593","2025-07-25 11:51:12.144"
